細產業別,代碼,商品
3C通路,2430,燦坤
3C通路,2450,神腦
3C通路,6154,順發
二極體,2481,強茂
二極體,3317,尼克森
二極體,3675,德微
二極體,5425,台半
二極體,6411,晶焱
二極體,6435,大中
二極體,6651,全宇昕
二極體,8255,朋程
二極體,8261,富鼎
人力資源,3130,一零四
大宗物資,1219,福壽
大宗物資,1220,台榮
大宗物資,1225,福懋油
大宗物資,1229,聯華
大宗物資,1232,大統益
大宗物資,1235,興泰
大宗物資,1240,茂生農經
大宗物資,1702,南僑
大宗物資,1737,臺鹽
大宗物資,4207,環泰
大宗物資,6952,大武山
工具機,1530,亞崴
工具機,1540,喬福
工具機,1583,程泰
工具機,1590,亞德客-KY
工具機,2049,上銀
工具機,4510,高鋒
工具機,4513,福裕
工具機,4526,東台
工具機,4533,協易機
工具機,4562,穎漢
工具機,4563,百德
工具機,6606,建德工業
工具機,6609,瀧澤科
工具機,7709,榮田
工具機,3484,崧騰
工業電腦,2395,研華
工業電腦,2397,友通
工業電腦,3022,威強電
工業電腦,3046,建碁
工業電腦,3088,艾訊
工業電腦,3416,融程電
工業電腦,3479,安勤
工業電腦,3521,鴻翊
工業電腦,3577,泓格
工業電腦,3594,磐儀
工業電腦,3652,精聯
工業電腦,4916,事欣科
工業電腦,5258,虹堡
工業電腦,5353,台林
工業電腦,5490,同亨
工業電腦,6160,欣技
工業電腦,6161,捷波
工業電腦,6166,凌華
工業電腦,6206,飛捷
工業電腦,6414,樺漢
工業電腦,6569,醫揚
工業電腦,6570,維田
工業電腦,6577,勁豐
工業電腦,6579,研揚
工業電腦,6680,鑫創電子
工業電腦,6922,宸曜
工業電腦,6928,攸泰科技
工業電腦,8050,廣積
工業電腦,8076,伍豐
工業電腦,8114,振樺電
工業電腦,8234,新漢
工業電腦,2405,輔信
不織布,1325,恆大
不織布,6504,南六
不織布,8929,富堡
不織布,9919,康那香
不織布,9944,新麗
不鏽鋼,1584,精剛
不鏽鋼,1605,華新
不鏽鋼,2007,燁興
不鏽鋼,2025,千興
不鏽鋼,2027,大成鋼
不鏽鋼,2030,彰源
不鏽鋼,2032,新鋼
不鏽鋼,2034,允強
不鏽鋼,2035,唐榮
不鏽鋼,2063,世鎧
不鏽鋼,2069,運錩
不鏽鋼,2221,大甲
不鏽鋼,5009,榮剛
不鏽鋼,5014,建錩
不鏽鋼,5015,華祺
不鏽鋼,5538,東明-KY
不鏽鋼,9962,有益
分離式元件,2302,麗正
分離式元件,2434,統懋
分離式元件,4923,力士
分離式元件,5299,杰力
分離式元件,6573,虹揚-KY
分離式元件,6693,廣閎科
分離式元件,7712,博盛半導體
化學工業,1713,國化
化學工業,1714,和桐
化學工業,1718,中纖
化學工業,1721,三晃
化學工業,1723,中碳
化學工業,1725,元禎
化學工業,1726,永記
化學工業,3430,奇鈦科
太陽能,2406,國碩
太陽能,3073,天方能源
太陽能,3576,聯合再生
太陽能,3686,達能
太陽能,3691,碩禾
太陽能,3713,新晶投控
太陽能,4529,淳紳
太陽能,4934,太極
太陽能,4949,有成精密
太陽能,5432,新門
太陽能,5483,中美晶
太陽能,6244,茂迪
太陽能,6409,旭隼
太陽能,6443,元晶
太陽能,6477,安集
太陽能,6538,倉和
太陽能,6692,進能服
太陽能,6869,雲豹能源
太陽能,6873,泓德能源
太陽能,8087,麗升能源
太陽能概念股,1742,台蠟
太陽能概念股,3027,盛達
太陽能概念股,3050,鈺德
太陽能概念股,1343,旭東環保
太陽能概念股,4582,聚恆
太陽能概念股,6682,華旭先進
太陽能概念股,6750,泰創工程
太陽能概念股,6839,開陽能源
太陽能概念股,6883,微電能源
太陽能概念股,6946,三地能源
太陽能概念股,6987,寶晶能源*
太陽能概念股,7590,怡和國際
太陽能概念股,7833,綠岩能源
太陽能概念股,7877,海利普
手工具機業,1527,鑽全
手工具機業,1538,正峰
手工具機業,1539,巨庭
手工具機業,1541,錩泰
手工具機業,1570,力肯
手工具機業,6855,數泓科
手工具機業,6904,伯鑫
文創產業,2926,誠品生活
文創產業,3086,華義
文創產業,4806,桂田文創
文創產業,6101,寬魚國際
文創產業,6144,得利影
文創產業,6596,寬宏藝術
文創產業,6625,必應
文創產業,8446,華研
文創產業,8450,霹靂
文創產業,8923,時報
文創產業,9949,琉園
水泥,1101,台泥
水泥,1102,亞泥
水泥,1103,嘉泥
水泥,1104,環泥
水泥,1108,幸福水泥
水泥,1109,信大
水泥,1110,東泥
水泥,2504,國產
水泥,5520,力泰
水泥,5546,永固-KY
水泥,8463,潤泰材
水泥,8936,國統
水泥,9930,中聯資源
水泥,9945,潤泰新
加工絲,1402,遠東新
加工絲,1444,力麗
加工絲,1445,大宇
加工絲,1452,宏益
加工絲,1455,集盛
加工絲,1457,宜進
加工絲,1459,聯發
加工絲,4406,新昕纖
加工絲,4420,光明
加工絲,4440,宜新實業
半導體封測材料,2351,順德
半導體封測材料,2483,百容
半導體封測材料,2486,一詮
半導體封測材料,3305,昇貿
半導體封測材料,3631,晟楠
半導體封測材料,5285,界霖
半導體封測材料,6548,長科*
半導體設備,2467,志聖
半導體設備,3055,蔚華科
半導體設備,3131,弘塑
半導體設備,3178,公準
半導體設備,3413,京鼎
半導體設備,3467,台灣精材
半導體設備,3581,博磊
半導體設備,3583,辛耘
半導體設備,3680,家登
半導體設備,5443,均豪
半導體設備,6187,萬潤
半導體設備,6196,帆宣
半導體設備,6532,瑞耘
半導體設備,6613,朋億*
半導體設備,6640,均華
半導體設備,6735,美達科技
半導體設備,6788,華景電
半導體設備,6829,千附精密
半導體設備,6877,鏵友益
半導體設備,6895,宏碩系統
半導體設備,6909,創控
半導體設備,6937,天虹
半導體設備,6953,家碩
半導體設備,7556,意德士
半導體設備,7704,明遠精密
半導體設備,7734,印能科技
半導體設備,7751,竑騰
半導體設備,8027,鈦昇
半導體設備,8091,翔名
半導體設備,2338,光罩
尼龍,1314,中石化
尼龍,1434,福懋
尼龍,1447,力鵬
尼龍,1455,集盛
尼龍,1466,聚隆
尼龍,4401,東隆興
尼龍,4402,郡都開發
尼龍,4430,耀億
生技醫療,1565,精華
生技醫療,1777,生泰
生技醫療,1781,合世
生技醫療,1784,訊聯
生技醫療,1788,杏昌
生技醫療,1799,易威
生技醫療,1813,寶利徠
生技醫療,3118,進階
生技醫療,3176,基亞
生技醫療,3205,佰研
生技醫療,3218,大學光
生技醫療,4102,永日
生技醫療,4105,東洋
生技醫療,4107,邦特
生技醫療,4109,加捷生醫
生技醫療,4111,濟生
生技醫療,4114,健喬
生技醫療,4116,明基醫
生技醫療,4120,友華
生技醫療,4121,優盛
生技醫療,4123,晟德
生技醫療,4126,太醫
生技醫療,4127,天良
生技醫療,4128,中天
生技醫療,4129,聯合
生技醫療,4130,健亞
生技醫療,4131,浩泰
生技醫療,4138,曜亞
生技醫療,4139,馬光-KY
生技醫療,4147,中裕
生技醫療,4153,鈺緯
生技醫療,4157,太景*-KY
生技醫療,4160,訊聯基因
生技醫療,4161,聿新科
生技醫療,4162,智擎
生技醫療,4163,鐿鈦
生技醫療,4166,友霖
生技醫療,4167,松瑞藥
生技醫療,4168,醣聯
生技醫療,4173,久裕
生技醫療,4174,浩鼎
生技醫療,4175,杏一
生技醫療,4183,福永生技
生技醫療,4188,安克
生技醫療,4192,杏國
生技醫療,4198,欣大健康
生技醫療,4726,永昕
生技醫療,4728,雙美
生技醫療,4735,豪展
生技醫療,4743,合一
生技醫療,4744,皇將
生技醫療,4745,合富-KY
生技醫療,4747,強生
生技醫療,4911,德英
生技醫療,5312,寶島科
生技醫療,6130,上亞科技
生技醫療,6242,立康
生技醫療,6461,益得
生技醫療,6469,大樹
生技醫療,6492,生華科
生技醫療,6496,科懋
生技醫療,6499,益安
生技醫療,6523,達爾膚
生技醫療,6527,明達醫
生技醫療,6535,順藥
生技醫療,6547,高端疫苗
生技醫療,6569,醫揚
生技醫療,6574,霈方
生技醫療,6576,逸達
生技醫療,6612,奈米醫材
生技醫療,6615,慧智
生技醫療,6617,共信-KY
生技醫療,6637,醫影
生技醫療,6649,台生材
生技醫療,6661,威健生技
生技醫療,6662,樂斯科
生技醫療,6703,軒郁
生技醫療,6712,長聖
生技醫療,6733,博晟生醫
生技醫療,6762,達亞
生技醫療,6767,台微醫
生技醫療,6785,昱展新藥
生技醫療,6841,長佳智能
生技醫療,6844,諾貝兒
生技醫療,6872,浩宇生醫
生技醫療,6875,國邑*
生技醫療,6929,佑全
生技醫療,7713,威力德生醫
生技醫療,8279,生展
生技醫療,8403,盛弘
生技醫療,8409,商之器
生技醫療,8432,東生華
生技醫療,8436,大江
生技醫療,1733,五鼎
生技醫療,1752,南光
生技醫療,1760,寶齡富錦
生技醫療,1762,中化生
生技醫療,1773,勝一
生技醫療,1783,和康生
生技醫療,1786,科妍
生技醫療,1789,神隆
生技醫療,1795,美時
生技醫療,3373,熱映
生物製劑,3176,基亞
生物製劑,4133,亞諾法
生物製劑,4142,國光生
生物製劑,4147,中裕
生物製劑,4168,醣聯
生物製劑,4174,浩鼎
生物製劑,6446,藥華藥
生物製劑,6541,泰福-KY
生物製劑,6547,高端疫苗
生物製劑,6550,北極星藥業-KY
生物製劑,6576,逸達
生物製劑,6712,長聖
生物製劑,6794,向榮生技
生物製劑,6949,沛爾生醫-創
石英元件,2484,希華
石英元件,3042,晶技
石英元件,3221,台嘉碩
石英元件,6174,安碁
石英元件,8182,加高
光電,2323,中環
光電,2349,錸德
光電,2374,佳能
光電,2393,億光
光電,2406,國碩
光電,2409,友達
光電,2426,鼎元
光電,2429,銘旺科
光電,2438,翔耀
光電,2466,冠西電
光電,2486,一詮
光電,2489,瑞軒
光電,2491,吉祥全
光電,3008,大立光
光電,3019,亞光
光電,3024,憶聲
光電,3031,佰鴻
光電,3038,全台
光電,3049,精金
光電,3050,鈺德
光電,3051,力特
光電,3059,華晶科
光電,3149,正達
光電,3168,眾福科
光電,3356,奇偶
光電,3406,玉晶光
光電,3437,榮創
光電,3454,晶睿
光電,3481,群創
光電,3504,揚明光
光電,3535,晶彩科
光電,3543,州巧
光電,3563,牧德
光電,3576,聯合再生
光電,3591,艾笛森
光電,3622,洋華
光電,3673,TPK-KY
光電,3714,富采
光電,4934,太極
光電,4935,茂林-KY
光電,4942,嘉彰
光電,4949,有成精密
光電,4956,光鋐
光電,4960,誠美材
光電,4976,佳凌
光電,5234,達興材料
光電,5243,乙盛-KY
光電,5244,弘凱
光電,5484,慧友
光電,6116,彩晶
光電,6120,達運
光電,6164,華興
光電,6168,宏齊
光電,6176,瑞儀
光電,6209,今國光
光電,6225,天瀚
光電,6226,光鼎
光電,6278,台表科
光電,6405,悅城
光電,6443,元晶
光電,6456,GIS-KY
光電,6477,安集
光電,6668,中揚光
光電,6706,惠特
光電,6742,澤米
光電,6916,華凌
光電,8104,錸寶
光電,8105,凌巨
光電,8215,明基材
光電,2461,光群雷
光電,3290,東浦
光學鏡頭指標,2374,佳能
光學鏡頭指標,3008,大立光
光學鏡頭指標,3019,亞光
光學鏡頭指標,3059,華晶科
光學鏡頭指標,3362,先進光
光學鏡頭指標,3406,玉晶光
光學鏡頭指標,3441,聯一光
光學鏡頭指標,3504,揚明光
光學鏡頭指標,3630,新鉅科
光學鏡頭指標,4976,佳凌
光學鏡頭指標,6209,今國光
光學鏡頭指標,6283,淳安
光學鏡頭指標,6498,久禾光
光學鏡頭指標,6517,保勝光學
光學鏡頭指標,6668,中揚光
光學鏡頭指標,6859,伯特光
光纖產品,2466,冠西電
光纖產品,3672,康聯訊
光纖產品,3704,合勤控
光纖產品,6426,統新
光纖產品,6530,創威
光纖產品,6588,東典光電
光纖產品,8011,台通
光纖產品,8045,達運光電
光纖產品,8048,德勝
再生晶圓,1560,中砂
再生晶圓,8028,昇陽半導體
印刷電路板,1815,富喬
印刷電路板,2313,華通
印刷電路板,2316,楠梓電
印刷電路板,2355,敬鵬
印刷電路板,2367,燿華
印刷電路板,2368,金像電
印刷電路板,2383,台光電
印刷電路板,2402,毅嘉
印刷電路板,3044,健鼎
印刷電路板,3229,晟鈦
印刷電路板,3276,宇環
印刷電路板,3321,同泰
印刷電路板,3354,律勝
印刷電路板,3390,旭軟
印刷電路板,3645,達邁
印刷電路板,3715,定穎投控
印刷電路板,4909,新復興
印刷電路板,4927,泰鼎-KY
印刷電路板,4939,亞電
印刷電路板,4958,臻鼎-KY
印刷電路板,4989,榮科
印刷電路板,5291,邑昇
印刷電路板,5340,建榮
印刷電路板,5439,高技
印刷電路板,5464,霖宏
印刷電路板,5469,瀚宇博
印刷電路板,5475,德宏
印刷電路板,5498,凱崴
印刷電路板,6108,競國
印刷電路板,6141,柏承
印刷電路板,6153,嘉聯益
印刷電路板,6156,松上
印刷電路板,6191,精成科
印刷電路板,6194,育富
印刷電路板,6210,慶生
印刷電路板,6213,聯茂
印刷電路板,6234,高僑
印刷電路板,6269,台郡
印刷電路板,6274,台燿
印刷電路板,6672,騰輝電子-KY
印刷電路板,6835,圓裕
印刷電路板,6924,榮惠-KY創
印刷電路板,8021,尖點
印刷電路板,8039,台虹
印刷電路板,8074,鉅橡
印刷電路板,8155,博智
印刷電路板,8213,志超
印刷電路板,8358,金居
合成樹酯,1709,和益
合成樹酯,1735,日勝化
合成樹酯,1776,展宇
合成樹酯,4711,永純
合成樹酯,4714,永捷
合成樹酯,4716,大立
合成樹酯,4720,德淵
合成樹酯,4766,南寶
合成樹酯,4767,誠泰科技
合成樹酯,6506,雙邦
回收焚化相關指標,5205,中茂
回收焚化相關指標,6581,鋼聯
回收焚化相關指標,6803,崑鼎
回收焚化相關指標,6887,寶綠特-KY
回收焚化相關指標,6894,衛司特
回收焚化相關指標,6923,中台
回收焚化相關指標,6951,青新-創
回收焚化相關指標,6969,成信實業*-創
回收焚化相關指標,7610,聯友金屬-創
回收焚化相關指標,8341,日友
回收焚化相關指標,8390,金益鼎
回收焚化相關指標,8422,可寧衛*
回收焚化相關指標,8438,昶昕
回收焚化相關指標,8440,綠電
回收焚化相關指標,9955,佳龍
安全監控系統,2390,云辰
安全監控系統,3128,昇銳
安全監控系統,3297,杭特
安全監控系統,3356,奇偶
安全監控系統,3434,哲固
安全監控系統,3454,晶睿
安全監控系統,5251,天鉞電
安全監控系統,5484,慧友
安全監控系統,5489,彩富
安全監控系統,6419,京晨科
安全監控系統,6556,勝品
安全監控系統,6560,欣普羅
安全監控系統,8072,陞泰
成衣指標,1315,達新
成衣指標,1417,嘉裕
成衣指標,1419,新紡
成衣指標,1437,勤益控
成衣指標,1451,年興
成衣指標,1467,南緯
成衣指標,1473,台南
成衣指標,1476,儒鴻
成衣指標,1477,聚陽
成衣指標,2915,潤泰全
成衣指標,2916,滿心
成衣指標,2941,米斯特
成衣指標,4413,飛寶企業
成衣指標,4414,如興
成衣指標,4432,銘旺實
成衣指標,4438,廣越
成衣指標,4441,振大環球
成衣指標,5906,台南-KY
成衣指標,8916,光隆
百貨通路,2230,泰茂
百貨通路,2547,日勝生
百貨通路,2901,欣欣
百貨通路,2903,遠百
百貨通路,2906,高林
百貨通路,2908,特力
百貨通路,2910,統領
百貨通路,2912,統一超
百貨通路,2913,農林
百貨通路,2915,潤泰全
百貨通路,2926,誠品生活
百貨通路,2939,永邑-KY
百貨通路,2945,三商家購
百貨通路,2947,振宇五金
百貨通路,2948,寶陞
百貨通路,5902,德記
百貨通路,5903,全家
百貨通路,5904,寶雅
百貨通路,5907,大洋-KY
百貨通路,6195,詩肯
百貨通路,8433,弘帆
百貨通路,8472,夠麻吉
百貨通路,9902,台火
自行車,1517,利奇
自行車,1526,日馳
自行車,5306,桂盟
自行車,6804,明係
自行車,8163,達方
自行車,8933,愛地雅
自行車,9914,美利達
自行車,9921,巨大
行動支付,2482,連宇
低軌衛星,3491,昇達科
低軌衛星,6568,宏觀
低軌衛星,6443,元晶
低軌衛星,2485,兆赫
低軌衛星,2313,華通
低軌衛星,6285,啟碁
低軌衛星,2314,台揚
汽車,1533,車王電
汽車,2201,裕隆
汽車,2204,中華
汽車,2206,三陽工業
汽車,2207,和泰車
汽車,2227,裕日車
汽車,2247,汎德永業
汽車,2258,鴻華先進-創
汽車,3609,三一東林
汽車,4529,淳紳
汽車,4702,中美實
汽車,6592,和潤企業
汽車,9941,裕融
車用零組件,1319,東陽
車用零組件,1338,廣華-KY
車用零組件,1339,昭輝
車用零組件,1506,正道
車用零組件,1512,瑞利
車用零組件,1521,大億
車用零組件,1522,堤維西
車用零組件,1524,耿鼎
車用零組件,1525,江申
車用零組件,1532,勤美
車用零組件,1536,和大
車用零組件,1563,巧新
車用零組件,1568,倉佑
車用零組件,1586,和勤
車用零組件,1587,吉茂
車用零組件,2115,六暉-KY
車用零組件,2228,劍麟
車用零組件,2230,泰茂
車用零組件,2233,宇隆
車用零組件,2235,謚源
車用零組件,2236,百達-KY
車用零組件,2239,英利-KY
車用零組件,2241,艾姆勒
車用零組件,2243,宏旭-KY
車用零組件,2248,華勝-KY
車用零組件,2250,IKKA-KY
車用零組件,2254,巨鎧精密-創
車用零組件,3162,精確
車用零組件,3226,龍鋒
車用零組件,3310,佳穎
車用零組件,3311,閎暉
車用零組件,3685,元創精密
車用零組件,4502,健信
車用零組件,4523,永彰
車用零組件,4528,江興鍛
車用零組件,4535,至興
車用零組件,4543,萬在
車用零組件,4551,智伸科
車用零組件,4557,永新-KY
車用零組件,4566,時碩工業
車用零組件,4569,六方科-KY
車用零組件,4581,光隆精密-KY
車用零組件,4912,聯德控股-KY
車用零組件,4943,康控-KY
車用零組件,5392,能率
車用零組件,6235,華孚
車用零組件,6279,胡連
車用零組件,6605,帝寶
車用零組件,7732,金興精密
車用零組件,7736,虎山
車用零組件,8107,大億金茂
車用零組件,9951,皇田
車用電子,1516,川飛
車用電子,1533,車王電
車用電子,2231,為升
車用電子,2436,偉詮電
車用電子,2497,怡利電
車用電子,3024,憶聲
車用電子,3128,昇銳
車用電子,3227,原相
車用電子,3306,鼎天
車用電子,3499,環天科
車用電子,3552,同致
車用電子,3632,研勤
車用電子,4554,橙的
車用電子,4915,致伸
車用電子,4919,新唐
車用電子,5309,系統電
車用電子,6225,天瀚
車用電子,6283,淳安
車用電子,2312,金寶
居家用品,2924,宏太-KY
房屋代銷與仲介,2540,愛山林
房屋代銷與仲介,2724,藝舍-KY
房屋代銷與仲介,9940,信義
板卡,2331,精英
板卡,2376,技嘉
板卡,2377,微星
板卡,2399,映泰
板卡,2425,承啟
板卡,2465,麗臺
板卡,3515,華擎
板卡,6150,撼訊
油電燃氣,1434,福懋油
油電燃氣,2616,山隆
油電燃氣,2904,匯僑
油電燃氣,6505,台塑化
油電燃氣,8908,欣雄
油電燃氣,8917,欣泰
油電燃氣,8926,台汽電
油電燃氣,8927,北基
油電燃氣,8931,大汽電
油電燃氣,9908,大台北
油電燃氣,9918,欣天然
油電燃氣,9926,新海
油電燃氣,9931,欣高
油電燃氣,9937,全國
物流業,1443,立益物流
物流業,2607,榮運
物流業,2608,嘉里大榮
物流業,2611,志信
物流業,2613,中櫃
物流業,2614,東森
物流業,2616,山隆
物流業,2636,台驊控股
物流業,2642,宅配通
物流業,3085,新零售
物流業,5601,台聯櫃
物流業,5603,陸海
物流業,5607,遠雄港
物流業,5609,中菲行
物流業,7716,昱臺國際
物流業,8367,建新國際
矽晶圓指標,3016,嘉晶
矽晶圓指標,3532,台勝科
矽晶圓指標,3707,漢磊
矽晶圓指標,5483,中美晶
矽晶圓指標,6182,合晶
矽晶圓指標,6488,環球晶
肥料,1722,台肥
肥料,1708,東鹼
肥料,4148,全宇生技-KY
金控,2880,華南金
金控,2881,富邦金
金控,2882,國泰金
金控,2883,凱基金
金控,2884,玉山金
金控,2885,元大金
金控,2886,兆豐金
金控,2887,台新新光金
金控,2889,國票金
金控,2890,永豐金
金控,2891,中信金
金控,2892,第一金
金控,5880,合庫金
金控,2801,彰銀
金控,2812,台中銀
金控,2834,臺企銀
金控,2836,高雄銀
金控,2838,聯邦銀
金控,2845,遠東銀
金控,2849,安泰銀
金控,2897,王道銀行
金控,5876,上海商銀
金控,2820,華票
金控,2855,統一證
非鐵金屬,2009,第一銅
非鐵金屬,2027,大成鋼
非鐵金屬,3115,富榮綱
非鐵金屬,4558,寶緯
保全,6721,信實保全
保全,9917,中保科
保全,9925,新保
保健品,1294,漢田生技
保健品,1295,生合
保健品,1707,葡萄王
保健品,1720,生達
保健品,1734,杏輝
保健品,1796,金穎生技
保健品,3054,立萬利
保健品,3164,景岳
保健品,3205,佰研
保健品,3705,永信
保健品,4108,懷特
保健品,4109,加捷生醫
保健品,4120,友華
保健品,4123,晟德
保健品,4127,天良
保健品,4128,中天
保健品,4192,杏國
保健品,6242,立康
保健品,6846,綠茵
保健品,6919,康霈*
保健品,7780,大研生醫
保健品,8279,生展
保健品,8436,大江
保險,2816,旺旺保
保險,2832,台產
保險,2850,新產
保險,2851,中再保
保險,2852,第一保
保險,2867,三商壽
保險,5878,台名
建材,1806,冠軍
建材,1809,中釉
建材,4506,崇友
建材,5543,桓鼎-KY
建材,6655,科定
建材,8424,惠普
建材,8444,綠河-KY
建材,8466,美吉吉-KY
建材,8930,青鋼
建材,8942,森鉅
染料與顏料,1475,業旺
染料與顏料,1711,永光
染料與顏料,4706,大恭
染料與顏料,4741,泓瀚
玻纖布,1303,南亞
玻纖布,1802,台玻
玻纖布,1815,富喬
玻纖布,5340,建榮
玻纖布,5475,德宏
美妝美容,4137,麗豐-KY
美妝美容,4190,佐登-KY
美妝美容,6431,光麗-KY
美妝美容,6523,達爾膚
美妝美容,6574,霈方
美妝美容,6666,羅麗芬-KY
美妝美容,6703,軒郁
美妝美容,7782,光速火箭
美妝美容,8067,志旭
背光板,3531,先益
背光板,4935,茂林-KY
背光板,5371,中光電
背光板,6120,達運
背光板,6176,瑞儀
背光板,6246,臺龍
背光板,8085,福華
軍工,6585,鼎基
軍工,2208,台船
軍工,5222,全訊
軍工,5371,中光電
軍工,6753,龍德造船
軍工,8033,雷虎
軍工,8045,達運光電
軍工,2630,亞航
軍工,2634,漢翔
軍工,8222,寶一
軍工,1342,八貫
軍工,1584,精剛
軍工,1810,和成
軍工,2645,長榮航太
軍工,3004,豐達科
軍工,3005,神基
軍工,4541,晟田
軍工,4572,駐龍
軍工,4916,事欣科
軍工,5009,榮剛
軍工,5284,jpp-KY
軍工,6166,凌華
軍工,6517,保勝光學
軍工,6829,千附精密
軍工,6895,宏碩系統
軍工,7402,邑錡
軍工,8222,寶一
軍工,8383,千附
軍工,2644,中信造船
重電,1503,士電
重電,1504,東元
重電,1513,中興電
重電,1514,亞力
重電,1519,華城
重電,1529,樂事綠能
重電,1537,廣隆
重電,2371,大同
重電,3426,台興
重電,4550,長佳
重電,4588,玖鼎電力
重電,5345,馥鴻
重電,5381,合正
重電,6441,廣錠
重電,7788,松川精密
重電,8038,長園科
重電,8104,錸寶
重電,8171,天宇
音響設備及零件,2415,錩新
音響設備及零件,2477,美隆電
音響設備及零件,2488,漢平
音響設備及零件,3067,全域
音響設備及零件,3285,微端
音響設備及零件,3465,進泰電子
音響設備及零件,5225,東科-KY
音響設備及零件,6201,亞弘電
音響設備及零件,6291,沛亨
音響設備及零件,3206,志豐
音響設備及零件,6743,安普新
食品,1201,味全
食品,1203,味王
食品,1210,大成
食品,1213,大飲
食品,1215,卜蜂
食品,1216,統一
食品,1217,愛之味
食品,1218,泰山
食品,1227,佳格
食品,1231,聯華食
食品,1233,天仁
食品,1234,黑松
食品,1236,宏亞
食品,1256,鮮活果汁-KY
食品,1264,德麥
食品,1702,南僑
食品,4205,中華食
食品,5902,德記
食品,7743,金利食安
食品,7791,皇家可口
食品,8905,裕國
食品,910322,康師傅-DR
家居用品,1810,和成
家居用品,1817,凱撒衛
家居用品,2062,橋椿
家居用品,3557,嘉威
家居用品,6616,特昇-KY
家居用品,6807,峰源-KY
家居用品,8066,來思達
家居用品,8342,益張
家居用品,8464,億豐
家居用品,8482,商億-KY
家居用品,9911,櫻花
家居用品,9924,福興
家居用品,9934,成霖
家居用品,9935,慶豐富
家電,1504,東元
家電,1604,聲寶
家電,1614,三洋電
家電,1626,艾美特-KY
家電,2371,大同
家電,2489,瑞軒
家電,2937,集雅社
家電,3024,憶聲
家電,4609,唐鋒
家電,4930,燦星網
家電,5283,禾聯碩
家電,6281,全國電
家電,6728,上洋
家電,7642,昶瑞機電
海運,2601,益航
海運,2603,長榮
海運,2605,新興
海運,2606,裕民
海運,2609,陽明
海運,2612,中航
海運,2615,萬海
海運,2617,台航
海運,2637,慧洋-KY
海運,2641,正德
海運,5608,四維航
海運,8478,東哥遊艇
消費用電池,6121,新普
砷化鎵,2455,全新
砷化鎵,3105,穩懋
砷化鎵,8086,宏捷科
租賃業,1435,中福
租賃業,3040,遠見
租賃業,5604,中連
紡織,1402,遠東新
紡織,1444,力麗
紡織,1445,大宇
紡織,1452,宏益
紡織,1455,集盛
紡織,1457,宜進
紡織,1459,聯發
紡織,4406,新昕纖
紡織,4420,光明
紡織,4440,宜新實業
紡織,1419,新紡
紡織,1446,宏和
紡織,1449,佳和
紡織,1454,台富
紡織,1460,宏遠
紡織,1464,得力
紡織,1465,偉全
紡織,1468,昶和
紡織,1470,大統新創
紡織,1474,弘裕
紡織,1476,儒鴻
紡織,4426,利勤
紡織,4433,興采
紡織,4439,冠星-KY
紡織,4442,竣邦-KY
紡織,6506,雙邦
紡織,1325,恆大
紡織,6504,南六
紡織,8929,富堡
紡織,9919,康那香
紡織,9944,新麗
紡織,1710,東聯
紡織,1413,宏州
紡織,1414,東和
紡織,1423,利華
紡織,1418,東華
紡織,1440,南紡
紡織,1441,大東
紡織,1463,強盛
航空,2610,華航
航空,2618,長榮航
航空,2643,捷迅
航空,2646,星宇航空
航空,5609,中菲行
航空,6757,台灣虎航
記憶體,2337,旺宏
記憶體,2344,華邦電
記憶體,2408,南亞科
記憶體,2451,創見
記憶體,3006,晶豪科
記憶體,3135,凌航
記憶體,3260,威剛
記憶體,4967,十銓
記憶體,5289,宜鼎
記憶體,5351,鈺創
記憶體,6265,方土昶
記憶體,6485,點序
記憶體,8088,品安
記憶體,8096,擎亞
記憶體,8110,華東
記憶體,8112,至上
記憶體,8131,福懋科
記憶體,8150,南茂
記憶體,8271,宇瞻
記憶體,8277,商丞
記憶體,8299,群聯
記憶體,2495,普安
記憶體,6770,力積電
高爾夫球,6670,復盛應用
高爾夫球,8924,大田
高爾夫球,8928,鉅明
高爾夫球,8938,明安
高爾夫球,9960,邁達康
專業IC代工,2303,聯電
專業IC代工,2342,茂矽
專業IC代工,5347,世界
探針卡,6683,雍智科技
探針卡,6217,中探針
探針卡,6223,旺矽
探針卡,6510,精測
探針卡,6515,穎崴
教育,2496,卓越
教育,5481,新華
教育,6294,智基
教育,8437,大地-KY
教育,8489,三貝德
瓶罐製造業,8411,福貞-KY
瓶罐製造業,8488,吉源-KY
瓶罐製造業,9905,大華
瓶罐製造業,9907,統一實
瓶罐製造業,9939,宏全
產業機械,1528,恩德
產業機械,1531,高林股
產業機械,1558,伸興
產業機械,1580,新麥
產業機械,3379,彬台
產業機械,4744,皇將
產業機械,6603,富強鑫
被動元件,2327,國巨*
被動元件,2375,凱美
被動元件,2428,興勤
被動元件,2472,立隆電
被動元件,2478,大毅
被動元件,2492,華新科
被動元件,3026,禾伸堂
被動元件,3090,日電貿
被動元件,3221,台嘉碩
被動元件,3236,千如
被動元件,3357,臺慶科
被動元件,3537,堡達
被動元件,3624,光頡
被動元件,4760,勤凱
被動元件,5228,鈺鎧
被動元件,5328,華容
被動元件,6127,九豪
被動元件,6155,鈞寶
被動元件,6173,信昌電
被動元件,6175,立敦
被動元件,6204,艾華
被動元件,6224,聚鼎
被動元件,6259,百徽
被動元件,6432,今展科
被動元件,6449,鈺邦
被動元件,6642,富致
被動元件,6834,天二科技
被動元件,6862,三集瑞-KY
被動元件,8042,金山電
被動元件,8043,蜜望實
被動元件,8121,越峰
被動元件,8289,泰藝
設計IP,3035,智原
設計IP,3443,創意
設計IP,3529,力旺
設計IP,3661,世芯-KY
設計IP,6462,神盾
設計IP,6531,愛普*
設計IP,6533,晶心科
設計IP,6643,M31
設計IP,7749,意騰-KY
設計IP,8227,巨有科技
設備儀器商,2070,精湛
設備儀器商,2305,全友
設備儀器商,2360,致茂
設備儀器商,2423,固緯
設備儀器商,2464,盟立
設備儀器商,3138,耀登
設備儀器商,3219,倚強科
設備儀器商,3490,單井
設備儀器商,4549,桓達
設備儀器商,5493,三聯
設備儀器商,6125,廣運
設備儀器商,6192,巨路
設備儀器商,6207,雷科
設備儀器商,6208,日揚
設備儀器商,6215,和椿
設備儀器商,6234,高僑
設備儀器商,6261,久元
設備儀器商,6613,朋億*
設備儀器商,6654,天正國際
設備儀器商,6667,信紘科
設備儀器商,6698,旭暉應材
設備儀器商,6706,惠特
設備儀器商,6739,竹陞科技
設備儀器商,6861,睿生光電
設備儀器商,7703,銳澤
設備儀器商,8047,星雲
設備儀器商,8092,建暐
軟體,1229,聯華
軟體,1416,廣豐
軟體,2427,三商電
軟體,2453,凌群
軟體,2468,華經
軟體,2471,資通
軟體,2480,敦陽科
軟體,3021,鴻名
軟體,3029,零壹
軟體,3147,大綜
軟體,3158,嘉實
軟體,3570,大塚
軟體,4953,緯軟
軟體,5201,凱衛
軟體,5202,力新
軟體,5203,訊連
軟體,5209,新鼎
軟體,5210,寶碩
軟體,5212,凌網
軟體,5310,天剛
軟體,5403,中菲
軟體,5410,國眾
軟體,6112,邁達特
軟體,6123,上奇
軟體,6140,訊達
軟體,6148,驊宏資
軟體,6163,華電網
軟體,6214,精誠
軟體,6218,豪勉
軟體,6221,晉泰
軟體,6240,松崗
軟體,6486,互動
軟體,6516,勤崴國際
軟體,6590,普鴻
軟體,6697,東捷資訊
軟體,6751,智聯服務
軟體,6752,叡揚
軟體,6791,虎門科技
軟體,6811,宏碁資訊
軟體,6865,偉康科技
軟體,6874,倍力
軟體,6902,GOGOLOOK
軟體,6906,現觀科
軟體,6925,意藍
軟體,7547,碩網
軟體,7721,微程式
軟體,8099,大世科
軟體,8284,三竹
軟體,8416,實威
軟體,910861,神州-DR
軟體,2495,普安
造紙,1903,士紙
造紙,1904,正隆
造紙,1905,華紙
造紙,1906,寶隆
造紙,1907,永豐餘
造紙,1909,榮成
造紙,6790,永豐實
連接線材,2462,良得電
連接線材,3011,今皓
連接線材,3021,鴻名
連接線材,3023,信邦
連接線材,3092,鴻碩
連接線材,3322,建舜電
連接線材,3492,長盛
連接線材,3501,維熹
連接線材,3516,亞帝歐
連接線材,3520,華盈
連接線材,3550,聯穎
連接線材,3597,映興
連接線材,3646,艾恩特
連接線材,3665,貿聯-KY
連接線材,5488,松普
連接線材,6115,鎰勝
連接線材,6133,金橋
連接線材,6134,萬旭
連接線材,6190,萬泰科
連接線材,6205,詮欣
連接線材,6220,岳豐
連接線材,6290,良維
連接線材,6418,詠昇
連接線材,6715,嘉基
連接線材,6913,鴻呈
連接線材,8103,瀚荃
連接器,2392,正崴
連接器,3003,健和興
連接器,3217,優群
連接器,3322,建舜電
連接器,3432,台端
連接器,3492,長盛
連接器,3511,矽瑪
連接器,3526,凡甲
連接器,3533,嘉澤
連接器,3605,宏致
連接器,3646,艾恩特
連接器,3689,湧德
連接器,3710,連展投控
連接器,5457,宣德
連接器,6126,信音
連接器,6158,禾昌
連接器,6185,幃翔
連接器,6197,佳必琪
連接器,6205,詮欣
連接器,6418,詠昇
連接器,8103,瀚荃
連接器,8147,正淩
散熱,2421,建準
散熱,3017,奇鋐
散熱,3071,協禧
散熱,3324,雙鴻
散熱,3338,泰碩
散熱,3483,力致
散熱,3653,健策
散熱,6124,業強
散熱,6230,尼得科超眾
散熱,6275,元山
散熱,6591,動力-KY
散熱,6805,富世達
散熱,8093,保銳
筆記型電腦,2357,華碩
筆記型電腦,2362,藍天
筆記型電腦,2364,倫飛
筆記型電腦,2353,宏碁
筆記型電腦,2387,精元
貿易百貨,2903,遠百
貿易百貨,2905,三商
貿易百貨,2906,高林
貿易百貨,2901,欣欣
貿易百貨,2910,統領
貿易百貨,2911,麗嬰房
貿易百貨,2912,統一超
貿易百貨,2913,農林
貿易百貨,2915,潤泰全
貿易百貨,2929,淘帝-KY
貿易百貨,2939,永邑-KY
貿易百貨,2945,三商家購
貿易百貨,4807,日成-KY
貿易百貨,5906,台南-KY
貿易百貨,5907,大洋-KY
貿易百貨,8429,金麗-KY
貿易百貨,8443,阿瘦
軸承,3376,新日興
軸承,3548,兆例
軸承,1582,信錦
軸承,2059,川湖
飯店,2702,華園
飯店,2704,國賓
飯店,2706,第一店
飯店,2707,精華
飯店,2712,遠雄來
飯店,2722,夏都
飯店,2736,富野
飯店,2739,寒舍
飯店,2748,雲品
飯店,3252,海灣
飯店,4804,大略-KY
飯店,5364,力麗店
飯店,5703,亞都
飯店,5704,老爺知
飯店,5905,南仁湖
飯店,8077,洛基
傳播出版印刷,3284,太普高
傳播出版印刷,3629,地心引力
傳播出版印刷,6184,大豐電
傳播出版印刷,6464,台數科
傳播出版印刷,6856,鑫傳
傳播出版印刷,8401,白紗科
傳播出版印刷,8421,旭源
傳播出版印刷,8450,霹靂
傳播出版印刷,8481,政伸
傳播出版印刷,8906,花王
傳播出版印刷,8921,沈氏
傳播出版印刷,8923,時報
傳播出版印刷,9928,中視
傳播出版印刷,9929,秋雨
塑膠,4303,信立
塑膠,4304,勝昱
塑膠,4305,世坤
塑膠,9950,萬國通
塑膠,1301,台塑
塑膠,1303,南亞
塑膠,1304,台聚
塑膠,1305,華夏
塑膠,1308,亞聚
塑膠,1309,台達化
塑膠,1310,台苯
塑膠,1312,國喬
塑膠,1313,聯成
塑膠,1321,大洋
塑膠,1326,台化
塑膠,1307,三芳
塑膠,1315,達新
塑膠,1323,永裕
塑膠,1337,再生-KY
塑膠,1341,富林-KY
塑膠,1342,八貫
塑膠,3171,炎洲流通
塑膠,1340,勝悅-KY
塑膠,3294,英濟
塑膠原料,1301,台塑
塑膠原料,1303,南亞
塑膠原料,1304,台聚
塑膠原料,1305,華夏
塑膠原料,1308,亞聚
塑膠原料,1309,台達化
塑膠原料,1310,台苯
塑膠原料,1312,國喬
塑膠原料,1313,聯成
塑膠原料,1321,大洋
塑膠原料,1326,台化
塑膠製品,1305,華夏
塑膠製品,1307,三芳
塑膠製品,1315,達新
塑膠製品,1323,永裕
塑膠製品,1337,再生-KY
塑膠製品,1341,富林-KY
塑膠製品,1342,八貫
塑膠製品,3171,炎洲流通
塑膠製品,4303,信立
塑膠製品,4304,勝昱
塑膠製品,4305,世坤
滑軌,2059,川湖
滑軌,6584,南俊國際
農藥,1712,興農
農藥,6508,惠光
遊戲產業,3064,泰偉
遊戲產業,3083,網龍
遊戲產業,3086,華義
遊戲產業,3293,鈊象
遊戲產業,3546,宇峻
遊戲產業,4916,事欣科
遊戲產業,4946,辣椒
遊戲產業,4994,傳奇
遊戲產業,5263,智崴
遊戲產業,5478,智冠
遊戲產業,6111,大宇資
遊戲產業,6169,昱泉
遊戲產業,6180,橘子
遊戲產業,6441,廣錠
遊戲產業,6482,弘煜科
遊戲產業,6542,隆中
遊戲產業,7584,樂意
運動產業,1515,力山
運動產業,1593,祺驊
運動產業,1598,岱宇
運動產業,1736,喬山
運動產業,2762,世界健身-KY
運動產業,8442,威宏-KY
運動產業,8462,柏文
運動產業,8467,波力-KY
運輸,2633,台灣高鐵
運輸,2640,大車隊
電子化工材料,1717,長興
電子化工材料,4722,國精化
電子化工材料,4764,雙鍵
電子化工材料,4770,上品
電子化工材料,3551,世禾
電子化工材料,1727,中華化
電子化工材料,1785,光洋科
電子化工材料,3303,岱稜
電子化工材料,3663,鑫科
電子化工材料,4749,新應材
電子化工材料,4755,三福化
電子化工材料,5234,達興材料
電子化工材料,3388,崇越電
電子商務,2734,易飛網
電子商務,2949,欣新網
電子商務,3085,新零售
電子商務,5287,數字
電子商務,5321,美而快
電子商務,6183,關貿
電子商務,6741,91APP*-KY
電子商務,6870,騰雲
電子商務,8044,網家
電子商務,8454,富邦媒
電子商務,8472,夠麻吉
電子商務,8477,創業家
電子通路,2459,敦吉
電子通路,3010,華立
電子通路,3114,好德
電子通路,3444,利機
電子通路,5434,崇越
電子通路,5452,佶優
電子通路,6136,富爾特
電子通路,6170,統振
電子通路,6761,穩得
電子通路,6967,汎瑋材料
電子通路,8070,長華*
電子通路,8084,巨虹
電子通路,8455,大拓-KY
電子通路,3224,三顧
電子零件加工,2460,建通
電子驗證檢測服務,3289,宜特
電子驗證檢測服務,3587,閎康
電子驗證檢測服務,6146,耕興
電子驗證檢測服務,6830,汎詮
電子驗證檢測服務,6840,東研信超
電池材料,4721,美琪瑪
電池材料,4739,康普
電池材料,5227,立凱-KY
電供,1471,首利
電供,2301,光寶科
電供,2308,台達電
電供,2385,群光
電供,2413,環科
電供,2420,新巨
電供,2431,聯昌
電供,2457,飛宏
電供,3002,歐格
電供,3015,全漢
電供,3032,偉訓
電供,3058,立德
電供,3078,僑威
電供,3296,勝德
電供,3308,聯德
電供,3332,幸康
電供,3540,曜越
電供,5465,富驊
電供,6109,亞元
電供,6203,海韻電
電供,6276,安鈦克
電供,6282,康舒
電供,6412,群電
電供,8093,保銳
電供,8109,博大
電信,2412,中華電
電信,3045,台灣大
電信,4904,遠傳電信
電信,6561,是方
電腦周邊設備,2432,倚天酷碁-創
電腦周邊設備,3057,喬鼎
電腦周邊設備,3060,銘異
電腦周邊設備,3272,東碩
電腦周邊設備,3287,廣寰科
電腦周邊設備,3349,寶德
電腦周邊設備,3494,誠研
電腦周邊設備,3611,鼎翰
電腦周邊設備,4987,科誠
電腦周邊設備,5211,蒙恬
電腦周邊設備,5215,科嘉-KY
電腦周邊設備,5356,協益
電腦周邊設備,5438,東友
電腦周邊設備,6128,上福
電腦周邊設備,6188,廣明
電腦周邊設備,6228,全譜
電腦周邊設備,6277,宏正
電腦通路,2347,聯強
電腦通路,2414,精技
電腦通路,3213,茂訊
電腦通路,3709,鑫聯大投控
電腦通路,5386,青雲
電腦通路,6118,建達
電腦通路,6776,展碁國際
電腦通路,8067,志旭
電線電纜,1603,華電
電線電纜,1605,華新
電線電纜,1608,華榮
電線電纜,1609,大亞
電線電纜,1612,宏泰
電線電纜,1615,大山
電線電纜,1616,億泰
電線電纜,1617,榮星
電線電纜,1618,合機
電線電纜,2061,風青
電線電纜,2440,太空梭
電線電纜,3622,洋華
電線電纜,911608,明輝-DR
網路通訊,2314,台揚
網路通訊,2332,友訊
網路通訊,2345,智邦
網路通訊,2419,仲琦
網路通訊,2439,美律
網路通訊,2444,兆勁
網路通訊,3047,訊舟
網路通訊,3062,建漢
網路通訊,3152,璟德
網路通訊,3380,明泰
網路通訊,3447,展達
網路通訊,3558,神準
網路通訊,3596,智易
網路通訊,3684,榮昌
網路通訊,3694,海華
網路通訊,3704,合勤控
網路通訊,4905,台聯電
網路通訊,4906,正文
網路通訊,5353,台林
網路通訊,5388,中磊
網路通訊,6142,友勁
網路通訊,6216,居易
網路通訊,6241,易通展
網路通訊,6263,普萊德
網路通訊,6285,啟碁
網路通訊,6417,韋僑
網路通訊,6470,宇智
網路通訊,6546,正基
網路通訊,6674,鋐寶科技
網路通訊,6863,永道-KY
網路通訊,8034,榮群
網路通訊,8059,凱碩
網路通訊,8089,康全電訊
網路通訊,8097,常珵
網路通訊,8176,智捷
網路通訊,6163,華電網
網路通訊,2485,兆赫
網路通訊,2495,普安
網路通訊,2498,宏達電
網路通訊,3419,譁裕
網路通訊,3466,德晉
廠務,6667,信紘科
廠務,2404,漢唐
廠務,3018,隆銘綠能
廠務,3402,漢科
廠務,5536,聖暉*
廠務,6139,亞翔
廠務,6691,洋基工程
廠務,6903,巨漢
廠務,8383,千附
影像感測元件,4974,亞泰
影像感測元件,8249,菱光
模具沖壓,1569,濱川
模具沖壓,1586,和勤
模具沖壓,2476,鉅祥
模具沖壓,3095,及成
模具沖壓,3230,錦明
模具沖壓,3310,佳穎
模具沖壓,3543,州巧
模具沖壓,4545,銘鈺
模具沖壓,4912,聯德控股-KY
模具沖壓,4942,嘉彰
模具沖壓,5223,安力-KY
模具沖壓,5243,乙盛-KY
模具沖壓,5284,jpp-KY
模具沖壓,5460,同協
模具沖壓,8071,能率網通
膠帶,1324,地球
膠帶,4306,炎洲
膠帶,6509,聚和
膠帶,8354,冠好
衛生清潔用品,1730,花仙子
衛生清潔用品,1731,美吾華
衛生清潔用品,1732,毛寶
衛生清潔用品,4707,磐亞
機車,1599,宏佳騰
機車,2206,三陽工業
機車,5276,達輝-KY
機車,5288,豐祥-KY
機車,8937,合騏
機車,9110,越南控-DR
機械零組件,1589,永冠-KY
機械零組件,4532,瑞智
機械零組件,4538,大詠城
機械零組件,4552,力達-KY
機械零組件,4555,氣立
機械零組件,4560,強信-KY
機械零組件,4561,健椿
機械零組件,4568,科際精密
機械零組件,4571,鈞興-KY
機械零組件,4576,大銀微系統
機械零組件,4580,捷流閥業
機械零組件,4583,台灣精銳
機械零組件,4584,君帆
機械零組件,5392,能率
機械零組件,6843,進典
機械零組件,6982,大井泵浦
機械零組件,7750,新代
機殼,2067,嘉鋼機殼
機殼,1336,台翰
機殼,2354,鴻準
機殼,2474,可成
機殼,3013,晟銘電
機殼,3032,偉訓
機殼,3325,旭品
機殼,3508,位速
機殼,3518,柏騰
機殼,3540,曜越
機殼,3693,營邦
機殼,5426,振發
機殼,5465,富驊
機殼,6117,迎廣
機殼,6276,安鈦克
機殼,8210,勤誠
機殼,8410,森田
機殼,9136,巨騰-DR
機器人,8374,羅昇
機器人,1590,亞德客-KY
機器人,3708,上緯投控
機器人,1597,直得
機器人,2049,上銀
機器人,2359,所羅門
機器人,2365,昆盈
機器人,3019,亞光
機器人,4540,全球傳動
機器人,4585,達明
機器人,6215,和椿
機器人,6209,今國光
橡膠,9942,茂順
橡膠,2101,南港
橡膠,2102,泰豐
橡膠,2103,台橡
橡膠,2104,國際中橡
橡膠,2105,正新
橡膠,2106,建大
橡膠,2107,厚生
橡膠,2108,南帝
橡膠,2109,華豐
橡膠,2114,鑫永銓
橡膠,6582,申豐
辦公電子設備,2373,震旦行
辦公電子設備,2380,虹光
辦公電子設備,2417,圓剛
辦公電子設備,2433,互盛電
鋼鐵,2002,中鋼
鋼鐵,2006,東和鋼鐵
鋼鐵,2008,高興昌
鋼鐵,2010,春源
鋼鐵,2013,中鋼構
鋼鐵,2015,豐興
鋼鐵,2020,美亞
鋼鐵,2024,志聯
鋼鐵,2028,威致
鋼鐵,2038,海光
鋼鐵,2064,晉椿
鋼鐵,2211,長榮鋼
鋼鐵,5016,松和
鋼鐵,6248,沛波
鋼鐵,9958,世紀鋼
鋼鐵,2007,燁興
鋼鐵,2009,第一銅
鋼鐵,2012,春雨
鋼鐵,2014,中鴻
鋼鐵,2017,官田鋼
鋼鐵,2022,聚亨
鋼鐵,2023,燁輝
鋼鐵,2025,千興
鋼鐵,2027,大成鋼
鋼鐵,2029,盛餘
鋼鐵,2030,彰源
鋼鐵,2031,新光鋼
鋼鐵,2032,新鋼
鋼鐵,2033,佳大
鋼鐵,2034,允強
鋼鐵,2069,運錩
鋼鐵,3004,豐達科
鋼鐵,5007,三星
鋼鐵,5538,東明-KY
鋼鐵,2035,唐榮
鋼鐵,4950,金耘國際
鋼鐵,5009,榮剛
鋼鐵,5013,強新
鋼鐵,5014,建錩
鋼鐵,5015,華祺
鋼鐵,8415,大國鋼
鋼鐵,8930,青鋼
鋼鐵,9962,有益
鋼鐵,2073,雄順
餐飲,1233,天仁
餐飲,1259,安心
餐飲,1268,漢來美食
餐飲,2723,美食-KY
餐飲,2726,雅茗-KY
餐飲,2727,王品
餐飲,2729,瓦城
餐飲,2732,六角
餐飲,2740,天蔥
餐飲,2751,王座
餐飲,2752,豆府
餐飲,2753,八方雲集
餐飲,2754,亞洲藏壽司
餐飲,2755,揚秦
餐飲,2756,聯發國際
餐飲,2926,誠品生活
餐飲,3522,御嵿
餐飲,3632,研勤
餐飲,4419,皇家美食
餐飲,4530,宏易
餐飲,6144,得利影
餐飲,7705,三商餐飲
餐飲,7708,全家餐飲
餐飲,7723,築間
餐飲,7757,金色三麥
餐飲,8940,新天地
營建,1316,上曜
營建,1436,華友聯
營建,1438,三地開發
營建,1439,雋揚
營建,1442,名軒
營建,1453,大將
營建,1456,怡華
營建,1472,三洋實業
營建,1532,勤美
營建,1535,中宇
營建,1805,寶徠
營建,2348,海悅
營建,2442,新美齊
營建,2501,國建
營建,2505,國揚
營建,2506,太設
營建,2509,全坤建
營建,2511,太子
營建,2514,龍邦
營建,2515,中工
營建,2516,新建
營建,2520,冠德
營建,2524,京城
營建,2527,宏璟
營建,2528,皇普
營建,2530,華建
營建,2534,宏盛
營建,2535,達欣工
營建,2536,宏普
營建,2537,聯上發
營建,2538,基泰
營建,2539,櫻花建
營建,2540,愛山林
營建,2542,興富發
營建,2543,皇昌
營建,2545,皇翔
營建,2546,根基
營建,2547,日勝生
營建,2548,華固
營建,2596,綠意
營建,2597,潤弘
營建,2718,全心投控
營建,2910,統領
營建,2923,鼎固-KY
營建,3052,夆典
營建,3056,富華新
營建,3188,鑫龍騰
營建,3266,昇陽
營建,3313,斐成
營建,3489,森寶
營建,3512,皇龍
營建,3521,鴻翊
營建,3703,欣陸
營建,4113,聯上
營建,4416,三圓
營建,4907,富宇
營建,5206,坤悅
營建,5213,亞昕
營建,5324,士開
營建,5455,昇益
營建,5508,永信建
營建,5511,德昌
營建,5512,力麒
營建,5514,三豐
營建,5515,建國
營建,5516,雙喜
營建,5519,隆大
營建,5521,工信
營建,5522,遠雄
營建,5523,豐謙
營建,5525,順天
營建,5529,鉅陞
營建,5531,鄉林
營建,5533,皇鼎
營建,5534,長虹
營建,5548,安倉
營建,6122,擎邦
營建,6171,大城地產
營建,6177,達麗
營建,6179,亞通
營建,6186,新潤
營建,6198,瑞築
營建,6212,理銘
營建,6219,富旺
營建,6222,立軒
營建,6264,富裔
營建,6754,匯僑設計
營建,6806,森崴能源
營建,6881,潤德
營建,8080,泰霖
營建,8426,紅木-KY
營建,9906,欣巴巴
營建,9933,中鼎
營建,9945,潤泰新
營建,9946,三發地產
營建,1808,潤隆
螺絲螺帽,2065,世豐
螺絲螺帽,2073,雄順
螺絲螺帽,5011,久陽
螺絲螺帽,7718,友鋮
螺絲螺帽,8349,恒耀
螺絲螺帽,1591,駿吉-KY
螺絲螺帽,2012,春雨
螺絲螺帽,2017,官田鋼
螺絲螺帽,2022,聚亨
螺絲螺帽,2027,大成鋼
螺絲螺帽,2066,世德
螺絲螺帽,3004,豐達科
螺絲螺帽,5007,三星
螺絲螺帽,8415,大國鋼
螺絲螺帽,911622,泰聚亨-DR
隱形眼鏡,1565,精華
隱形眼鏡,4131,浩泰
隱形眼鏡,4771,望隼
隱形眼鏡,6491,晶碩
隱形眼鏡,6747,亨泰光
隱形眼鏡,6782,視陽
殯葬業,5530,龍巖
殯葬業,6199,天品
織布,1419,新紡
織布,1445,大宇
織布,1446,宏和
織布,1449,佳和
織布,1454,台富
織布,1460,宏遠
織布,1464,得力
織布,1465,偉全
織布,1468,昶和
織布,1470,大統新創
織布,1474,弘裕
織布,1476,儒鴻
織布,4426,利勤
織布,4433,興采
織布,4439,冠星-KY
織布,4442,竣邦-KY
織布,6506,雙邦
顯示器,2352,佳世達
顯示器,2489,瑞軒
顯示器,3504,揚明光
顯示器,4153,鈺緯
顯示器,4995,晶達
顯示器,6577,勁豐
顯示器,7753,星亞
顯示器,9912,偉聯
觀光休閒,1432,大魯閣
觀光休閒,2701,萬企
觀光休閒,2705,六福
觀光休閒,2719,燦星旅
觀光休閒,2731,雄獅
觀光休閒,2734,易飛網
觀光休閒,2743,山富
觀光休閒,2745,五福
觀光休閒,2762,世界健身-KY
觀光休閒,5701,劍湖山
觀光休閒,5706,鳳凰
觀光休閒,8462,柏文
觀光休閒,9943,好樂迪
ABF,3037,欣興
ABF,3189,景碩
ABF,8046,南電
BBU,4931,新盛力
BBU,3211,順達
BBU,3323,加百裕
BBU,3625,西勝
BBU,6558,興能高
BBU,6781,AES-KY
CCL,8358,金居
CCL,2368,金像電
CCL,2383,台光電
CCL,6274,台燿
CCL,6213,聯茂
CCL,8039,台虹
CCL,4989,榮科
CPO,7728,光焱科技
CPO,3081,聯亞
CPO,4971,IET-KY
CPO,4991,環宇-KY
CPO,3025,星通
CPO,3163,波若威
CPO,3234,光環
CPO,3363,上詮
CPO,3450,聯鈞
CPO,4903,聯光通
CPO,4908,前鼎
CPO,4977,眾達-KY
CPO,4979,華星光
CPO,6442,光聖
CPO,6451,訊芯-KY
CPO,6706,惠特
FOPLP,3580,友威科
FOPLP,2467,志聖
FOPLP,6640,均華
FOPLP,5443,均豪
FOPLP,3535,晶彩科
FOPLP,3663,鑫科
FOPLP,8064,東捷
GPS,3306,鼎天
GPS,3499,環天科
GPS,5348,正能量智能
IC 零組件通路商,3028,增你強
IC 零組件通路商,3033,威健
IC 零組件通路商,3036,文曄
IC 零組件通路商,3048,益登
IC 零組件通路商,3209,全科
IC 零組件通路商,3232,昱捷
IC 零組件通路商,3312,弘憶股
IC 零組件通路商,3360,尚立
IC 零組件通路商,3528,安馳
IC 零組件通路商,3686,達能
IC 零組件通路商,3702,大聯大
IC 零組件通路商,6113,亞矽
IC 零組件通路商,6189,豐藝
IC 零組件通路商,6227,茂綸
IC 零組件通路商,6270,倍微
IC 零組件通路商,8032,光菱
IC 零組件通路商,8068,全達
IC 零組件通路商,8072,陞泰
IC封測,6271,同欣電
IC封測,1410,南染
IC封測,2329,華泰
IC封測,2369,菱生
IC封測,2441,超豐
IC封測,2449,京元電子
IC封測,3264,欣銓
IC封測,3265,台星科
IC封測,3372,典範
IC封測,3374,精材
IC封測,3567,逸昌
IC封測,3711,日月光投控
IC封測,5344,立衛
IC封測,6147,頎邦
IC封測,6257,矽格
IC封測,6261,久元
IC封測,6525,捷敏-KY
IC封測,6515,穎崴
IC封測,8162,微矽電子-創
IC基板,6552,易華電
IC設計,2363,矽統
IC設計,2379,瑞昱
IC設計,2388,威盛
IC設計,2401,凌陽
IC設計,2436,偉詮電
IC設計,2454,聯發科
IC設計,2458,義隆
IC設計,3014,聯陽
IC設計,3034,聯詠
IC設計,3041,揚智
IC設計,3094,聯傑
IC設計,3122,笙泉
IC設計,3141,晶宏
IC設計,3150,鈺寶-創
IC設計,3169,亞信
IC設計,3227,原相
IC設計,3228,金麗科
IC設計,3257,虹冠電
IC設計,3259,鑫創
IC設計,3268,海德威
IC設計,3288,點晶
IC設計,3438,類比科
IC設計,3527,聚積
IC設計,3530,晶相光
IC設計,3545,敦泰
IC設計,3556,禾瑞亞
IC設計,3588,通嘉
IC設計,3592,瑞鼎
IC設計,4951,精拓科
IC設計,4952,凌通
IC設計,4961,天鈺
IC設計,4966,譜瑞-KY
IC設計,4968,立積
IC設計,5236,凌陽創新
IC設計,5269,祥碩
IC設計,5272,笙科
IC設計,5274,信驊
IC設計,5302,太欣
IC設計,5468,凱鈺
IC設計,5471,松翰
IC設計,5487,通泰
IC設計,6103,合邦
IC設計,6104,創惟
IC設計,6129,普誠
IC設計,6138,茂達
IC設計,6202,盛群
IC設計,6229,研通
IC設計,6231,系微
IC設計,6233,旺玖
IC設計,6237,驊訊
IC設計,6243,迅杰
IC設計,6291,沛亨
IC設計,6415,矽力*-KY
IC設計,6494,九齊
IC設計,6526,達發
IC設計,6679,鈺太
IC設計,6684,安格
IC設計,6695,芯鼎
IC設計,6708,天擎
IC設計,6716,應廣
IC設計,6719,力智
IC設計,6720,久昌
IC設計,6732,昇佳電子
IC設計,6756,威鋒電子
IC設計,6789,采鈺
IC設計,6799,來頡
IC設計,6962,奕力-KY
IC設計,6996,力領科技
IC設計,8016,矽創
IC設計,8024,佑華
IC設計,8040,九暘
IC設計,8081,致新
LED,1611,中電
LED,2340,台亞
LED,2393,億光
LED,2426,鼎元
LED,2466,冠西電
LED,2491,吉祥全
LED,3031,佰鴻
LED,3066,李洲
LED,3339,泰谷
LED,3346,麗清
LED,3437,榮創
LED,3516,亞帝歐
LED,3591,艾笛森
LED,3714,富采
LED,3717,聯嘉投控
LED,4956,光鋐
LED,4972,湯石照明
LED,5230,雷笛克光學
LED,5244,弘凱
LED,5355,佳總
LED,6164,華興
LED,6168,宏齊
LED,6226,光鼎
LED,6278,台表科
LED,6597,立誠
LED,6854,錼創科技-KY創
LED,8111,立碁
LED,911868,同方友友-DR
MCU 指標,3122,笙泉
MCU 指標,3228,金麗科
MCU 指標,4919,新唐
MCU 指標,4952,凌通
MCU 指標,5471,松翰
MCU 指標,6202,盛群
MCU 指標,6494,九齊
MCU 指標,6716,應廣
ODM,3231,緯創
ODM,2382,廣達
ODM,6669,緯穎
ODM,2317,鴻海
ODM,3706,神達
ODM,2356,英業達
ODM,2324,仁寶
ODM,4938,和碩
PCB 設備,1595,川寶
PCB 設備,2467,志聖
PCB 設備,2493,揚博
PCB 設備,3030,德律
PCB 設備,3093,港建*
PCB 設備,3167,大量
PCB 設備,3455,由田
PCB 設備,3498,陽程
PCB 設備,3563,牧德
PCB 設備,4542,科嶠
PCB 設備,4577,達航科技
PCB 設備,6438,迅得
PCB 設備,6658,聯策
PCB 設備,6664,群翊
PCB 設備,6727,亞泰金屬
TFT 面板,2409,友達
TFT 面板,2429,銘旺科
TFT 面板,2438,翔耀
TFT 面板,3051,力特
TFT 面板,3149,正達
TFT 面板,3285,微端
TFT 面板,3481,群創
TFT 面板,3523,迎輝
TFT 面板,3615,安可
TFT 面板,3666,光耀
TFT 面板,4933,友輝
TFT 面板,4935,茂林-KY
TFT 面板,4960,誠美材
TFT 面板,5245,智晶
TFT 面板,6116,彩晶
TFT 面板,6246,臺龍
TFT 面板,6405,悅城
TFT 面板,8069,元太
TFT 面板,8104,錸寶
TFT 面板,8215,明基材
TFT 面板,8240,華宏
UPS,3628,盈正
UPS,3043,科風
UPS,3617,碩天
UPS,6409,旭隼
UPS,3207,耀勝
CPO,3701,大眾控
記憶體,4768,晶呈科技
特化,4768,晶呈科技
IC封測,4768,晶呈科技
鑽孔,6234,高僑
鑽孔,8021,尖點
鑽孔,8074,鉅橡
鑽孔,3167,大量
PCB上游,2383,台光電
PCB上游,6274,台燿
PCB上游,1815,富喬
PCB上游,8021,尖點
PCB上游,4989,榮科
PCB上游,5498,凱崴
PCB上游,5340,建榮
PCB上游,8074,鉅橡
PCB上游,8358,金居
PCB上游,6213,聯茂
記憶體,3060,銘異
記憶體,4973,廣穎
軍工,5314,世紀*
特化,4755,三福化
特化,1773,勝一
特化,4722,國精化
特化,4772,台特化
特化,4749,新應材
特化,5234,達興材料
特化,1717,長興
特化,4764,雙鍵
特化,1727,中華化
記憶體,6239,力成